{"data_time": 0.0033130325173260644, "eta_seconds": 95.97764794275281, "iteration": 19, "loss_cate": 1.0880444645881653, "loss_ins": 0.8635757863521576, "lr": 7.2025e-06, "time": 0.34155746598844416, "total_loss": 1.954326182603836}
{"data_time": 0.0034609895083121955, "eta_seconds": 87.00108789314982, "iteration": 39, "loss_cate": 1.0528009533882141, "loss_ins": 0.6085509061813354, "lr": 1.2152500000000001e-05, "time": 0.31360088850487955, "total_loss": 1.6614679098129272}
{"data_time": 0.003598181006964296, "eta_seconds": 80.33433786302339, "iteration": 59, "loss_cate": 0.9885914325714111, "loss_ins": 0.6885867118835449, "lr": 1.71025e-05, "time": 0.329161600995576, "total_loss": 1.6845304369926453}
{"data_time": 0.0034292700001969934, "eta_seconds": 73.76155559372273, "iteration": 79, "loss_cate": 0.8841920495033264, "loss_ins": 0.5432318150997162, "lr": 2.20525e-05, "time": 0.33545235148631036, "total_loss": 1.457504004240036}
{"data_time": 0.003464250999968499, "eta_seconds": 66.61823370013735, "iteration": 99, "loss_cate": 0.7290220558643341, "loss_ins": 0.427367702126503, "lr": 2.70025e-05, "time": 0.32448395749088377, "total_loss": 1.1556084603071213}
{"data_time": 0.0036952695081708953, "eta_seconds": 60.20538916847727, "iteration": 119, "loss_cate": 0.5904525220394135, "loss_ins": 0.4802500456571579, "lr": 3.19525e-05, "time": 0.34444549099134747, "total_loss": 1.0128135681152344}
{"data_time": 0.0032172370119951665, "eta_seconds": 53.23738820923609, "iteration": 139, "loss_cate": 0.4945228397846222, "loss_ins": 0.3085620850324631, "lr": 3.690250000000001e-05, "time": 0.3193202399997972, "total_loss": 0.9253261238336563}
{"data_time": 0.0034286894951947033, "eta_seconds": 46.624048059020424, "iteration": 159, "loss_cate": 0.4077998250722885, "loss_ins": 0.3904383182525635, "lr": 4.18525e-05, "time": 0.330768216503202, "total_loss": 0.7939180433750153}
{"data_time": 0.003673093000543304, "eta_seconds": 40.18205213683541, "iteration": 179, "loss_cate": 0.3876306116580963, "loss_ins": 0.25364091247320175, "lr": 4.68025e-05, "time": 0.337492332488182, "total_loss": 0.650120809674263}
{"data_time": 0.0034981895005330443, "eta_seconds": 33.32394803027273, "iteration": 199, "loss_cate": 0.340400367975235, "loss_ins": 0.18289407342672348, "lr": 5.17525e-05, "time": 0.3172670195053797, "total_loss": 0.5587781816720963}
{"data_time": 0.00380167001276277, "eta_seconds": 26.684304903668817, "iteration": 219, "loss_cate": 0.31354252994060516, "loss_ins": 0.1931348592042923, "lr": 5.67025e-05, "time": 0.32657144000404514, "total_loss": 0.5338185876607895}
{"data_time": 0.003834921997622587, "eta_seconds": 20.095587643503677, "iteration": 239, "loss_cate": 0.3364233374595642, "loss_ins": 0.18223340064287186, "lr": 6.16525e-05, "time": 0.33003240599646233, "total_loss": 0.5357112362980843}
{"data_time": 0.003868915999191813, "eta_seconds": 13.50110227780533, "iteration": 259, "loss_cate": 0.2816726863384247, "loss_ins": 0.23806089907884598, "lr": 6.66025e-05, "time": 0.321219169505639, "total_loss": 0.5392697677016258}
{"data_time": 0.003957758002798073, "eta_seconds": 6.915198727656389, "iteration": 279, "loss_cate": 0.31063424050807953, "loss_ins": 0.16917872428894043, "lr": 7.15525e-05, "time": 0.33052866499929223, "total_loss": 0.47241082414984703}
{"data_time": 0.0037978574982844293, "eta_seconds": 0.3292951775074471, "iteration": 299, "loss_cate": 0.2721555233001709, "loss_ins": 0.3394138067960739, "lr": 7.65025e-05, "time": 0.3285015465080505, "total_loss": 0.6615857779979706}
{"data_time": 0.0035604510048869997, "eta_seconds": 99.7866493123729, "iteration": 19, "loss_cate": 1.131925642490387, "loss_ins": 0.8805229961872101, "lr": 7.2025e-06, "time": 0.35511263100488577, "total_loss": 2.0078130662441254}
{"data_time": 0.003725861999555491, "eta_seconds": 92.22793784047826, "iteration": 39, "loss_cate": 1.1138529777526855, "loss_ins": 0.6147246956825256, "lr": 1.2152500000000001e-05, "time": 0.3524704835144803, "total_loss": 1.747031420469284}
{"data_time": 0.0036031919880770147, "eta_seconds": 85.3635870795697, "iteration": 59, "loss_cate": 1.029307246208191, "loss_ins": 0.6313639581203461, "lr": 1.71025e-05, "time": 0.3544412235060008, "total_loss": 1.606990486383438}
{"data_time": 0.003139369495329447, "eta_seconds": 90.45909316113102, "iteration": 19, "loss_cate": 1.0296033024787903, "loss_ins": 0.5779599845409393, "lr": 7.2025e-06, "time": 0.32191848100046627, "total_loss": 1.6390179693698883}
{"data_time": 0.0035925914853578433, "eta_seconds": 86.65485729437205, "iteration": 39, "loss_cate": 0.9956503510475159, "loss_ins": 0.8060025572776794, "lr": 1.2152500000000001e-05, "time": 0.35064137050358113, "total_loss": 1.8017455041408539}
{"data_time": 0.0032202415022766218, "eta_seconds": 79.53162229487498, "iteration": 59, "loss_cate": 0.9268549680709839, "loss_ins": 0.6574305295944214, "lr": 1.71025e-05, "time": 0.31256355400546454, "total_loss": 1.561647117137909}
{"data_time": 0.003926734498236328, "eta_seconds": 72.9314876645949, "iteration": 79, "loss_cate": 0.8052456676959991, "loss_ins": 0.4978325664997101, "lr": 2.20525e-05, "time": 0.331471147495904, "total_loss": 1.2965222895145416}
{"data_time": 0.0034101695200661197, "eta_seconds": 66.33135303431482, "iteration": 99, "loss_cate": 0.6553679406642914, "loss_ins": 0.4797016978263855, "lr": 2.70025e-05, "time": 0.3283677319996059, "total_loss": 1.1262723207473755}
{"data_time": 0.0034779859997797757, "eta_seconds": 59.804068550947704, "iteration": 119, "loss_cate": 0.4756874740123749, "loss_ins": 0.38015706837177277, "lr": 3.19525e-05, "time": 0.33694654049759265, "total_loss": 0.8133799135684967}
{"data_time": 0.003839746001176536, "eta_seconds": 53.627474705834175, "iteration": 139, "loss_cate": 0.40709322690963745, "loss_ins": 0.583052933216095, "lr": 3.690250000000001e-05, "time": 0.34340455500932876, "total_loss": 0.9314282387495041}
{"data_time": 0.0036051654897164553, "eta_seconds": 46.64983886045229, "iteration": 159, "loss_cate": 0.4038493186235428, "loss_ins": 0.31969448924064636, "lr": 4.18525e-05, "time": 0.3140743249969091, "total_loss": 0.7429337203502655}
{"data_time": 0.003918650501873344, "eta_seconds": 40.03284044052998, "iteration": 179, "loss_cate": 0.40874312818050385, "loss_ins": 0.3518844544887543, "lr": 4.68025e-05, "time": 0.33220948799862526, "total_loss": 0.7073524221777916}
{"data_time": 0.0035115295031573623, "eta_seconds": 33.4892773017491, "iteration": 199, "loss_cate": 0.3307228684425354, "loss_ins": 0.3342942148447037, "lr": 5.17525e-05, "time": 0.3431877420080127, "total_loss": 0.6196661591529846}
{"data_time": 0.0034499839966883883, "eta_seconds": 26.8577372419968, "iteration": 219, "loss_cate": 0.31113021075725555, "loss_ins": 0.0962015949189663, "lr": 5.67025e-05, "time": 0.3326613405079115, "total_loss": 0.4046310856938362}
{"data_time": 0.0036461724957916886, "eta_seconds": 20.318484205316054, "iteration": 239, "loss_cate": 0.31011252105236053, "loss_ins": 0.2990538775920868, "lr": 6.16525e-05, "time": 0.3436918334919028, "total_loss": 0.6240491271018982}
{"data_time": 0.0034332424984313548, "eta_seconds": 13.644525156065356, "iteration": 259, "loss_cate": 0.26961395144462585, "loss_ins": 0.1465548723936081, "lr": 6.66025e-05, "time": 0.31602504799957387, "total_loss": 0.4442663788795471}
{"data_time": 0.003660981004941277, "eta_seconds": 6.9886592262773775, "iteration": 279, "loss_cate": 0.3213868588209152, "loss_ins": 0.25775858014822006, "lr": 7.15525e-05, "time": 0.33379010600037873, "total_loss": 0.5450539663434029}
{"data_time": 0.0035484130057739094, "eta_seconds": 0.3330899050051812, "iteration": 299, "loss_cate": 0.2619311213493347, "loss_ins": 0.12061767280101776, "lr": 7.65025e-05, "time": 0.34108013300283346, "total_loss": 0.39476313441991806}
{"data_time": 0.0033569500083103776, "eta_seconds": 24120.672334748553, "iteration": 19, "loss_cate": 1.0972586274147034, "loss_ins": 0.9589357376098633, "lr": 0.0002881,